ID	Description	GeneRatio	BgRatio	RichFactor	FoldEnrichment	zScore	pvalue	p.adjust	qvalue	geneID	Count
GO:0051926	negative regulation of calcium ion transport	5/89	44/14393	0.11363636363636363	18.37717058222676	9.105869303348877	7.247900490887463e-6	0.012734561162489272	0.011772116270988797	LILRB2/LILRB1/UCP2/MCUB/CALM1	5
GO:0140105	interleukin-10-mediated signaling pathway	3/89	11/14393	0.2727272727272727	44.105209397344225	11.280887996170383	3.6384618300265245e-5	0.031963887176783015	0.02954814001963646	LILRB2/LILRB1/LILRA2	3
